sender,receiver,amount,timestamp
VICTIM_001,MULE_101,250000.00,2026-03-01 09:15:00
VICTIM_001,MULE_102,175000.00,2026-03-01 09:22:00
MULE_101,MULE_201,120000.00,2026-03-01 10:05:00
MULE_101,MULE_202,125000.00,2026-03-01 10:18:00
MULE_102,MULE_202,80000.00,2026-03-01 10:45:00
MULE_102,MULE_203,90000.00,2026-03-01 11:12:00
MULE_201,EXIT_NODE_901,118000.00,2026-03-01 12:30:00
MULE_202,CRYPTO_GATEWAY_902,200000.00,2026-03-01 13:00:00
MULE_203,HAWALA_CORP_903,88000.00,2026-03-01 14:10:00
REGULAR_USER_A,REGULAR_USER_B,1500.00,2026-03-01 08:30:00
REGULAR_USER_C,REGULAR_USER_D,4500.00,2026-03-01 15:45:00
